,0,1
0,root,total
1,@thetrendspotter,31
2,aspiration,31
3,bathrobe,31
4,beachwear,31
5,beating,31
6,benchmark,31
7,blond,31
8,bounce,31
9,bullet,31
10,bummer,31
11,chandelier,31
12,chenille,31
13,chignon,31
14,cockpit,31
15,disappointment,31
16,flagship,31
17,giveaway,31
18,hate,31
19,implementation,31
20,inception,31
21,insignia,31
22,intro,31
23,karat,31
24,limb,31
25,lobe,31
26,loincloth,31
27,made,31
28,medal,31
29,merino,31
30,motto,31
31,newsboy,31
32,objection,31
33,opera,31
34,pixel,31
35,reign,31
36,remnant,31
37,rubbing,31
38,scone,31
39,sector,31
40,setback,31
41,sharpness,31
42,spark,31
43,sportsperson,31
44,storytelling,31
45,testicle,31
46,thief,31
47,tomato,31
48,whiff,31
49,wrinkling,31
50,youtuber,31
51,avatar,32
52,basement,32
53,boarding,32
54,castle,32
55,checkup,32
56,climbing,32
57,colorist,32
58,commuter,32
59,consciousness,32
60,controversy,32
61,decal,32
62,denier,32
63,differentiator,32
64,doorstep,32
65,drain,32
66,embroiderer,32
67,emergence,32
68,empathy,32
69,exploration,32
70,fill,32
71,fleck,32
72,folding,32
73,fuel,32
74,gaming,32
75,glute,32
76,goose,32
77,habitat,32
78,hardship,32
79,heap,32
80,iTOUCH,32
81,indulgence,32
82,instant,32
83,itching,32
84,jack,32
85,jet,32
86,keeper,32
87,knicker,32
88,knotting,32
89,lecture,32
90,line-up,32
91,mainspring,32
92,malt,32
93,manliness,32
94,marketer,32
95,obligation,32
96,optimism,32
97,periphery,32
98,prince,32
99,prototype,32
100,ramp,32
101,reasoning,32
102,replica,32
103,rollneck,32
104,san,32
105,server,32
106,specialty,32
107,spinner,32
108,sportsman,32
109,standout,32
110,subdial,32
111,toll,32
112,up-do,32
113,urine,32
114,vacay,32
115,visitor,32
116,vote,32
117,waffle,32
118,wage,32
119,wild,32
120,workmanship,32
121,activation,33
122,bohemian,33
123,boldness,33
124,cabinet,33
125,cardamom,33
126,cartoon,33
127,contest,33
128,distress,33
129,diva,33
130,download,33
131,draft,33
132,drinker,33
133,evil,33
134,flourish,33
135,fungus,33
136,hockey,33
137,hoody,33
138,juttis,33
139,jv,33
140,lanolin,33
141,liter,33
142,lowdown,33
143,millennium,33
144,motivator,33
145,n,33
146,nobility,33
147,paralysis,33
148,pavement,33
149,permission,33
150,piercer,33
151,portal,33
152,progression,33
153,puzzle,33
154,rarity,33
155,restraint,33
156,shearling,33
157,spectacle,33
158,stretchiness,33
159,supporter,33
160,tachymeter,33
161,tipping,33
162,toupee,33
163,turban,33
164,tweak,33
165,twenty,33
166,underskirt,33
167,usb,33
168,virtue,33
169,woody,33
170,yacht,33
171,zari,33
172,acidity,34
173,adapter,34
174,affordability,34
175,alignment,34
176,alpham,34
177,assignment,34
178,attendee,34
179,bleaching,34
180,braiding,34
181,callus,34
182,certification,34
183,charmeuse,34
184,chase,34
185,colouring,34
186,concoction,34
187,correlation,34
188,currency,34
189,decline,34
190,enzyme,34
191,explosion,34
192,framework,34
193,fraying,34
194,freezer,34
195,functioning,34
196,graduate,34
197,guess,34
198,haven,34
199,heft,34
200,highlighter,34
201,hustle,34
202,in-house,34
203,landing,34
204,lily,34
205,mastermind,34
206,nostalgia,34
207,opulence,34
208,paycheck,34
209,privilege,34
210,puppet,34
211,rapper,34
212,restroom,34
213,rockstar,34
214,scuff,34
215,self-improvement,34
216,skateboard,34
217,skeleton,34
218,soleplate,34
219,special,34
220,sterling,34
221,weekender,34
222,winding,34
223,acquaintance,35
224,activist,35
225,alpaca,35
226,ante,35
227,basil,35
228,blast,35
229,booth,35
230,cartilage,35
231,cinema,35
232,citizen,35
233,clown,35
234,commander,35
235,console,35
236,cop,35
237,credential,35
238,crochet,35
239,editing,35
240,finesse,35
241,fluff,35
242,fool,35
243,get-together,35
244,gig,35
245,goodbye,35
246,impairment,35
247,knight,35
248,latte,35
249,let,35
250,low-top,35
251,lyric,35
252,mainstay,35
253,metre,35
254,moisture-wicking,35
255,moisturizing,35
256,parasol,35
257,peek,35
258,planner,35
259,pony,35
260,punctuation,35
261,raise,35
262,restoration,35
263,resume,35
264,rival,35
265,scraper,35
266,smoker,35
267,stretching,35
268,teaspoon,35
269,therapist,35
270,thinker,35
271,toughness,35
272,tournament,35
273,tunnel,35
274,underarm,35
275,vegan,35
276,willingness,35
277,wish,35
278,accomplishment,36
279,advisor,36
280,aristocrat,36
281,athletic,36
282,babe,36
283,badass,36
284,barley,36
285,beardsman,36
286,boho,36
287,bustier,36
288,catwalk,36
289,chamber,36
290,chicken,36
291,chloride,36
292,clamp,36
293,couching,36
294,crosse,36
295,deficiency,36
296,demeanor,36
297,execution,36
298,executive,36
299,fermentation,36
300,fighter,36
301,flesh,36
302,flick,36
303,forefront,36
304,glossary,36
305,grasp,36
306,hairbrush,36
307,hairdresser,36
308,hinge,36
309,hourglass,36
310,hub,36
311,injection,36
312,labret,36
313,lad,36
314,latex,36
315,legacy,36
316,lump,36
317,menthol,36
318,notebook,36
319,novice,36
320,paragraph,36
321,peptide,36
322,pic,36
323,playsuit,36
324,plug,36
325,poppy,36
326,protest,36
327,recruit,36
328,representative,36
329,selvedge,36
330,smudge,36
331,sprezzatura,36
332,stake,36
333,suspect,36
334,sweep,36
335,swirl,36
336,tapestry,36
337,tar,36
338,tester,36
339,thermal,36
340,three-piece,36
341,thrill,36
342,victim,36
343,wait,36
344,waiter,36
345,warfare,36
346,wilderness,36
347,arousal,37
348,beast,37
349,black-tie,37
350,cane,37
351,chrome,37
352,clan,37
353,commodity,37
354,cooking,37
355,coordinate,37
356,corporation,37
357,crewneck,37
358,endeavor,37
359,endorphin,37
360,enforcement,37
361,engineer,37
362,enthusiasm,37
363,entrant,37
364,filler,37
365,fine,37
366,internship,37
367,knitter,37
368,local,37
369,logic,37
370,nick,37
371,nurse,37
372,optional,37
373,overhang,37
374,reef,37
375,resist,37
376,screwdriver,37
377,scrubber,37
378,sofa,37
379,spacing,37
380,striping,37
381,subtlety,37
382,teaching,37
383,toddler,37
384,trustworthiness,37
385,tug,37
386,valley,37
387,vet,37
388,vulnerability,37
389,watchos,37
390,wolf,37
391,workday,37
392,1890,38
393,adherence,38
394,almond,38
395,aristocracy,38
396,believer,38
397,bench,38
398,build-up,38
399,centerpiece,38
400,creme,38
401,downtime,38
402,dysfunction,38
403,e-mail,38
404,explorer,38
405,fair,38
406,favour,38
407,gelato,38
408,geranium,38
409,homework,38
410,in,38
411,inspo,38
412,lab,38
413,mannequin,38
414,milestone,38
415,millennial,38
416,miner,38
417,monster,38
418,nerd,38
419,newcomer,38
420,oomph,38
421,operate,38
422,pesticide,38
423,pua,38
424,racer,38
425,rower,38
426,scarring,38
427,scenery,38
428,shrink,38
429,spending,38
430,spy,38
431,throw,38
432,variability,38
433,vlog,38
434,washcloth,38
435,workhorse,38
436,agency,39
437,assessment,39
438,asymmetry,39
439,bear,39
440,bitterness,39
441,blessing,39
442,blow,39
443,button-up,39
444,conjunction,39
445,contributor,39
446,coworker,39
447,crocodile,39
448,cucumber,39
449,dating,39
450,demo,39
451,district,39
452,double,39
453,drill,39
454,entrepreneurship,39
455,fence,39
456,galosh,39
457,goatee,39
458,gps,39
459,grind,39
460,hang,39
461,heating,39
462,inflammation,39
463,junk,39
464,kameez,39
465,m,39
466,mba,39
467,nutmeg,39
468,off-white,39
469,paradise,39
470,praise,39
471,prediction,39
472,psychologist,39
473,rice,39
474,rmrs20,39
475,semi-brogue,39
476,septum,39
477,slave,39
478,speaking,39
479,syndrome,39
480,syrup,39
481,thinning,39
482,timekeeping,39
483,workshop,39
484,a-e,40
485,abuse,40
486,anatomy,40
487,burning,40
488,cent,40
489,childhood,40
490,cobalt,40
491,collagen,40
492,contrary,40
493,felt,40
494,find,40
495,fineness,40
496,fusible,40
497,genetic,40
498,goth,40
499,gravitas,40
500,heartbeat,40
501,insertion,40
502,journalist,40
503,jump,40
504,leeway,40
505,midpoint,40
506,mouthwash,40
507,multiple,40
508,observation,40
509,offshoot,40
510,parade,40
511,prominence,40
512,prong,40
513,qualification,40
514,quest,40
515,sandpaper,40
516,sanitizer,40
517,sarong,40
518,scope,40
519,stiffener,40
520,surf,40
521,tuft,40
522,velveteen,40
523,vendor,40
524,voila,40
525,volunteer,40
526,waterfall,40
527,weaver,40
528,wick,40
529,willpower,40
530,advocate,41
531,aha,41
532,boardroom,41
533,buzz,41
534,chlorine,41
535,diary,41
536,divider,41
537,duo,41
538,engineering,41
539,engraving,41
540,fading,41
541,fave,41
542,foray,41
543,goodness,41
544,half-inch,41
545,imagery,41
546,intersection,41
547,jockstrap,41
548,labour,41
549,literature,41
550,mail,41
551,masse,41
552,nightwear,41
553,o,41
554,oftentime,41
555,opener,41
556,palace,41
557,plum,41
558,powerhouse,41
559,radius,41
560,receipt,41
561,robot,41
562,saw,41
563,self-expression,41
564,snowflake,41
565,superhero,41
566,tie-dye,41
567,ule,41
568,victory,41
569,vo2max,41
570,welting,41
571,whisker,41
572,1500,42
573,barbecue,42
574,barbershop,42
575,branding,42
576,canopy,42
577,ceiling,42
578,cheer,42
579,chop,42
580,clime,42
581,close,42
582,colony,42
583,credibility,42
584,cutoff,42
585,disposal,42
586,embarrassment,42
587,four-in-hand,42
588,gingham,42
589,hairdryer,42
590,hairstylist,42
591,hallmark,42
592,hangout,42
593,historian,42
594,i,42
595,immigrant,42
596,imprint,42
597,jar,42
598,know,42
599,middleman,42
600,minimalism,42
601,miniskirt,42
602,mug,42
603,oven,42
604,peeve,42
605,politic,42
606,pollutant,42
607,r,42
608,sailing,42
609,separation,42
610,superstar,42
611,thimble,42
612,throat,42
613,tumble,42
614,undercoat,42
615,velcro,42
616,wrapping,42
617,affiliation,43
618,aggression,43
619,approval,43
620,camis,43
621,clash,43
622,cognition,43
623,complement,43
624,connector,43
625,coral,43
626,coriander,43
627,departure,43
628,dexterity,43
629,division,43
630,envelope,43
631,everyday,43
632,fellow,43
633,government,43
634,greeting,43
635,hanging,43
636,hangnail,43
637,hippie,43
638,incense,43
639,institution,43
640,intent,43
641,iteration,43
642,lug,43
643,messenger,43
644,misconception,43
645,peacock,43
646,peppermint,43
647,pole,43
648,positioning,43
649,query,43
650,rabbit,43
651,sampler,43
652,sebum,43
653,settler,43
654,shipment,43
655,skating,43
656,sulfate,43
657,talon,43
658,violation,43
659,webpage,43
660,wholecut,43
661,wristband,43
662,zinc,43
663,adage,44
664,baseball,44
665,bunche,44
666,chaos,44
667,chapter,44
668,cornerstone,44
669,cry,44
670,earning,44
671,enclosure,44
672,fusion,44
673,gala,44
674,general,44
675,goggle,44
676,hose,44
677,indentation,44
678,interchangeability,44
679,machinery,44
680,modification,44
681,nightclub,44
682,pioneer,44
683,rainbow,44
684,rep,44
685,revenue,44
686,revival,44
687,sauce,44
688,stall,44
689,startup,44
690,streak,44
691,summertime,44
692,toggle,44
693,waterproof,44
694,west,44
695,x.,44
696,MB,45
697,adjective,45
698,ammonia,45
699,banker,45
700,bark,45
701,bodkin,45
702,comb-over,45
703,creasing,45
704,encounter,45
705,enhancement,45
706,gas,45
707,graft,45
708,horror,45
709,implication,45
710,jhumkas,45
711,lace-up,45
712,leverage,45
713,nutshell,45
714,passport,45
715,pipe,45
716,pulse,45
717,riot,45
718,roof,45
719,sheer,45
720,shirting,45
721,specific,45
722,spine,45
723,stalk,45
724,sucker,45
725,uniqueness,45
726,vacuum,45
727,vibration,45
728,viscose,45
729,ab,46
730,afro,46
731,ambition,46
732,apology,46
733,arena,46
734,arrival,46
735,bedtime,46
736,blowout,46
737,bracket,46
738,built-in,46
739,cookie,46
740,crosswise,46
741,culprit,46
742,cut-off,46
743,cylinder,46
744,darkness,46
745,disorder,46
746,drag,46
747,enjoyment,46
748,exfoliation,46
749,fog,46
750,g,46
751,goddess,46
752,handling,46
753,judgement,46
754,likelihood,46
755,mantra,46
756,marine,46
757,negotiator,46
758,organdy,46
759,perk,46
760,playing,46
761,pvc,46
762,q,46
763,quo,46
764,radical,46
765,rail,46
766,resemblance,46
767,rocker,46
768,sheepskin,46
769,tax,46
770,terry,46
771,trenchcoat,46
772,widow,46
773,yield,46
774,accommodation,47
775,bedspread,47
776,beige,47
777,breathing,47
778,co-ord,47
779,coaster,47
780,database,47
781,detective,47
782,e2,47
783,electronic,47
784,feat,47
785,fuss,47
786,headscarf,47
787,healing,47
788,honor,47
789,houndstooth,47
790,incentive,47
791,lineup,47
792,meditation,47
793,neoprene,47
794,packet,47
795,pizzazz,47
796,rust,47
797,sillage,47
798,spelling,47
799,storyteller,47
800,tress,47
801,twine,47
802,virus,47
803,yeast,47
804,Save,48
805,agreement,48
806,all-rounder,48
807,antiperspirant,48
808,apartment,48
809,barefoot,48
810,bat,48
811,burger,48
812,cruise,48
813,dive,48
814,dungaree,48
815,embed,48
816,etc,48
817,formal,48
818,increment,48
819,installment,48
820,interviewer,48
821,kurti,48
822,lamination,48
823,magnification,48
824,meet,48
825,neon,48
826,one-liner,48
827,open,48
828,organisation,48
829,overspending,48
830,pigmentation,48
831,pintuck,48
832,ply,48
833,polishing,48
834,produce,48
835,refinement,48
836,sergeant,48
837,showdown,48
838,sphere,48
839,stimulation,48
840,velour,48
841,vow,48
842,accord,49
843,adventurer,49
844,associate,49
845,candle,49
846,cartridge,49
847,circuit,49
848,classification,49
849,cleanliness,49
850,complex,49
851,defect,49
852,gene,49
853,gorge,49
854,handful,49
855,harmony,49
856,jegging,49
857,lager,49
858,lamb,49
859,league,49
860,lifting,49
861,moderation,49
862,observer,49
863,pity,49
864,placemat,49
865,pointer,49
866,positivity,49
867,prom,49
868,quilter,49
869,recorder,49
870,sentiment,49
871,soiree,49
872,stunner,49
873,tan,49
874,threat,49
875,tourist,49
876,trek,49
877,two-piece,49
878,wellness,49
879,wrong,49
880,baggage,50
881,balaclava,50
882,booster,50
883,chef,50
884,cleavage,50
885,combat,50
886,conflict,50
887,debut,50
888,drinking,50
889,footprint,50
890,fray,50
891,grit,50
892,ivory,50
893,lane,50
894,liking,50
895,mildew,50
896,nickel,50
897,organ,50
898,pantsuit,50
899,rolling,50
900,sheath,50
901,spouse,50
902,standpoint,50
903,starting,50
904,tolerance,50
905,transportation,50
906,tune,50
907,turning,50
908,wader,50
909,abundance,51
910,airplane,51
911,beading,51
912,burst,51
913,clogs,51
914,collector,51
915,convention,51
916,countryside,51
917,critic,51
918,debris,51
919,delay,51
920,deposit,51
921,digit,51
922,driving,51
923,envy,51
924,fiction,51
925,flashlight,51
926,fuzz,51
927,gradient,51
928,grapefruit,51
929,gravity,51
930,hall,51
931,mitten,51
932,odour,51
933,peplum,51
934,pixie,51
935,pollution,51
936,rolex,51
937,showing,51
938,slice,51
939,sum,51
940,sunset,51
941,temptation,51
942,vanity,51
943,wound,51
944,bend,52
945,bin,52
946,blucher,52
947,breech,52
948,cheese,52
949,clean,52
950,competence,52
951,coordination,52
952,crash,52
953,discretion,52
954,dude,52
955,electricity,52
956,gabardine,52
957,jam,52
958,keypad,52
959,loan,52
960,maroon,52
961,mythology,52
962,navel,52
963,nightie,52
964,obsession,52
965,organizer,52
966,peel,52
967,refund,52
968,singlet,52
969,skivvy,52
970,stack,52
971,stroll,52
972,swagger,52
973,upside,52
974,venture,52
975,wishlist,52
976,advertisement,53
977,applicator,53
978,bind,53
979,broadcloth,53
980,bug,53
981,cred,53
982,cutwork,53
983,demographic,53
984,desert,53
985,detection,53
986,honey,53
987,leap,53
988,lion,53
989,listing,53
990,membrane,53
991,self-esteem,53
992,shag,53
993,stash,53
994,tower,53
995,trademark,53
996,treasure,53
997,turf,53
998,urge,53
999,watchband,53
1000,adornment,54
1001,agenda,54
1002,authenticity,54
1003,colorway,54
1004,cording,54
1005,effectiveness,54
1006,elastane,54
1007,fundamental,54
1008,inspection,54
1009,justice,54
1010,laugh,54
1011,launch,54
1012,leotard,54
1013,mainstream,54
1014,maximum,54
1015,momentum,54
1016,objective,54
1017,perfect,54
1018,politician,54
1019,poster,54
1020,procrastination,54
1021,reverse,54
1022,snack,54
1023,stature,54
1024,stem,54
1025,stirrup,54
1026,swatch,54
1027,sword,54
1028,tanning,54
1029,token,54
1030,transport,54
1031,visor,54
1032,walking,54
1033,your,54
1034,alligator,55
1035,baseline,55
1036,berry,55
1037,brushing,55
1038,compatibility,55
1039,congratulation,55
1040,crime,55
1041,distribution,55
1042,durag,55
1043,establishment,55
1044,jog,55
1045,l,55
1046,lehenga,55
1047,mechanic,55
1048,mid-thigh,55
1049,peach,55
1050,plait,55
1051,plating,55
1052,prowess,55
1053,rush,55
1054,self-doubt,55
1055,slub,55
1056,testing,55
1057,upkeep,55
1058,zag,55
1059,buffer,56
1060,bus,56
1061,chafing,56
1062,cool,56
1063,dent,56
1064,dermatologist,56
1065,dock,56
1066,epaulet,56
1067,fancy,56
1068,filament,56
1069,footbed,56
1070,gang,56
1071,giant,56
1072,grainline,56
1073,hugger,56
1074,lob,56
1075,manipulation,56
1076,no-no,56
1077,novelty,56
1078,packing,56
1079,pub,56
1080,regimen,56
1081,river,56
1082,screenshot,56
1083,setup,56
1084,shore,56
1085,sin,56
1086,variable,56
1087,widget,56
1088,album,57
1089,algorithm,57
1090,assortment,57
1091,bread,57
1092,contract,57
1093,culotte,57
1094,daisy,57
1095,dedication,57
1096,determination,57
1097,edging,57
1098,flamboyance,57
1099,folder,57
1100,girth,57
1101,heck,57
1102,imbalance,57
1103,mandarin,57
1104,matrix,57
1105,monochrome,57
1106,outlook,57
1107,push,57
1108,soreness,57
1109,surfing,57
1110,toner,57
1111,wand,57
1112,workspace,57
1113,aisle,58
1114,annoyance,58
1115,barbell,58
1116,bum,58
1117,cabin,58
1118,centimeter,58
1119,champion,58
1120,cloak,58
1121,co-worker,58
1122,contribution,58
1123,cow,58
1124,dining,58
1125,ecosystem,58
1126,estimate,58
1127,gauze,58
1128,glam,58
1129,headpiece,58
1130,homage,58
1131,imaginable,58
1132,lag,58
1133,math,58
1134,nightmare,58
1135,nighty,58
1136,passage,58
1137,plunge,58
1138,plus,58
1139,prospect,58
1140,pull,58
1141,rat,58
1142,resilience,58
1143,shame,58
1144,slogan,58
1145,tad,58
1146,third,58
1147,tiara,58
1148,tightness,58
1149,trash,58
1150,uv,58
1151,wander,58
1152,angel,59
1153,balayage,59
1154,batiste,59
1155,boob,59
1156,chambray,59
1157,cluster,59
1158,cowl,59
1159,dandy,59
1160,diffuser,59
1161,ending,59
1162,escape,59
1163,farm,59
1164,gut,59
1165,halter,59
1166,household,59
1167,index,59
1168,kindness,59
1169,lookout,59
1170,midriff,59
1171,mint,59
1172,niacinamide,59
1173,nutrient,59
1174,official,59
1175,paisley,59
1176,paraben,59
1177,selfie,59
1178,vibrancy,59
1179,villa,59
1180,windbreaker,59
1181,',60
1182,altitude,60
1183,anniversary,60
1184,architecture,60
1185,ash,60
1186,birth,60
1187,bridesmaid,60
1188,clue,60
1189,contender,60
1190,evaluation,60
1191,geek,60
1192,hairpin,60
1193,hemp,60
1194,hypothesis,60
1195,lime,60
1196,practitioner,60
1197,prestige,60
1198,repeat,60
1199,s,60
1200,strawberry,60
1201,adjuster,61
1202,advertising,61
1203,ancestor,61
1204,armscye,61
1205,boom,61
1206,camping,61
1207,connotation,61
1208,cure,61
1209,dreadlock,61
1210,elephant,61
1211,entertainment,61
1212,facet,61
1213,freshness,61
1214,gram,61
1215,haul,61
1216,kiss,61
1217,kitchen,61
1218,portfolio,61
1219,pucker,61
1220,relaxation,61
1221,tap,61
1222,trilby,61
1223,wearing,61
1224,aftershave,62
1225,badge,62
1226,bay,62
1227,blocking,62
1228,bow-tie,62
1229,developer,62
1230,duck,62
1231,emblem,62
1232,estate,62
1233,exfoliator,62
1234,georgette,62
1235,graduation,62
1236,grime,62
1237,h,62
1238,manufacture,62
1239,millimeter,62
1240,mishap,62
1241,moth,62
1242,nipple,62
1243,oz,62
1244,sail,62
1245,script,62
1246,shaper,62
1247,sustainability,62
1248,threading,62
1249,tile,62
1250,twin,62
1251,wayfarer,62
1252,absorbency,63
1253,arrow,63
1254,brick,63
1255,bulb,63
1256,connoisseur,63
1257,dignity,63
1258,disclaimer,63
1259,elite,63
1260,exam,63
1261,excellence,63
1262,hunt,63
1263,indigo,63
1264,made-to-measure,63
1265,merchant,63
1266,museum,63
1267,nickname,63
1268,nostril,63
1269,out,63
1270,painter,63
1271,pat,63
1272,possession,63
1273,potholder,63
1274,quotient,63
1275,ram,63
1276,rotation,63
1277,sacrifice,63
1278,shear,63
1279,taffeta,63
1280,wale,63
1281,allure,64
1282,atomizer,64
1283,cardio,64
1284,civilization,64
1285,croc,64
1286,dandruff,64
1287,gaze,64
1288,grease,64
1289,herb,64
1290,independence,64
1291,no-brainer,64
1292,opt,64
1293,pm,64
1294,police,64
1295,shirring,64
1296,therapy,64
1297,threader,64
1298,tire,64
1299,underlining,64
1300,winder,64
1301,working,64
1302,ballerina,65
1303,cut-out,65
1304,daytime,65
1305,dealer,65
1306,kaftan,65
1307,knob,65
1308,looseness,65
1309,neckwear,65
1310,ownership,65
1311,par,65
1312,pimple,65
1313,playlist,65
1314,television,65
1315,tribute,65
1316,trigger,65
1317,warmer,65
1318,30,66
1319,beat,66
1320,bedding,66
1321,bleeding,66
1322,boater,66
1323,campus,66
1324,charging,66
1325,chat,66
1326,earlobe,66
1327,ginger,66
1328,hairband,66
1329,hurry,66
1330,identification,66
1331,insect,66
1332,laser,66
1333,lounge,66
1334,marketplace,66
1335,midi,66
1336,mist,66
1337,perimeter,66
1338,puff,66
1339,shaping,66
1340,stopper,66
1341,bather,67
1342,caffeine,67
1343,capless,67
1344,carbon,67
1345,cravat,67
1346,duster,67
1347,fishnet,67
1348,fridge,67
1349,genius,67
1350,god,67
1351,insulator,67
1352,lap,67
1353,leisure,67
1354,maturity,67
1355,means,67
1356,output,67
1357,puddle,67
1358,reliability,67
1359,reserve,67
1360,retention,67
1361,roast,67
1362,rundown,67
1363,silkworm,67
1364,split,67
1365,MAHI,68
1366,barrette,68
1367,configuration,68
1368,conversion,68
1369,drug,68
1370,festivity,68
1371,indoor,68
1372,netting,68
1373,oyster,68
1374,patent,68
1375,president,68
1376,shoot,68
1377,smoothness,68
1378,soil,68
1379,cage,69
1380,cellphone,69
1381,cigarette,69
1382,consultation,69
1383,corrector,69
1384,cowhide,69
1385,crest,69
1386,ego,69
1387,enamel,69
1388,fluid,69
1389,implement,69
1390,measuring,69
1391,mention,69
1392,mentor,69
1393,milk,69
1394,oval,69
1395,rebel,69
1396,ribbing,69
1397,self-confidence,69
1398,shapewear,69
1399,skort,69
1400,span,69
1401,tangle,69
1402,theater,69
1403,warning,69
1404,washer,69
1405,yoyo,69
1406,bodyshape,70
1407,bonnet,70
1408,bridal,70
1409,bubble,70
1410,chemise,70
1411,cherry,70
1412,column,70
1413,cover-up,70
1414,equation,70
1415,getup,70
1416,give,70
1417,perspiration,70
1418,reduction,70
1419,rug,70
1420,sentence,70
1421,strike,70
1422,theatre,70
1423,toiletry,70
1424,ventilation,70
1425,availability,71
1426,birthday,71
1427,blush,71
1428,gusset,71
1429,hairspray,71
1430,imitation,71
1431,inconvenience,71
1432,jasmine,71
1433,lycra,71
1434,meme,71
1435,modesty,71
1436,nutrition,71
1437,princess,71
1438,sapphire,71
1439,skull,71
1440,stole,71
1441,timing,71
1442,visual,71
1443,bearing,72
1444,bindi,72
1445,camel,72
1446,camouflage,72
1447,carrier,72
1448,carry-on,72
1449,cast,72
1450,charity,72
1451,cobbler,72
1452,crisis,72
1453,disc,72
1454,furnishing,72
1455,glare,72
1456,loofah,72
1457,overlay,72
1458,oxblood,72
1459,physician,72
1460,resolution,72
1461,reviewer,72
1462,tailcoat,72
1463,well-being,72
1464,baldness,73
1465,blossom,73
1466,bronze,73
1467,caramel,73
1468,catch,73
1469,cellulose,73
1470,cinnamon,73
1471,connectivity,73
1472,diver,73
1473,expedition,73
1474,experimentation,73
1475,hammer,73
1476,polymer,73
1477,presser,73
1478,relation,73
1479,seamstress,73
1480,waterproofing,73
1481,will,73
1482,beeswax,74
1483,bicep,74
1484,breadth,74
1485,buff,74
1486,cocoon,74
1487,collarbone,74
1488,crinoline,74
1489,cupboard,74
1490,delight,74
1491,frizz,74
1492,indication,74
1493,k,74
1494,license,74
1495,marathon,74
1496,medicine,74
1497,mentality,74
1498,pandemic,74
1499,primer,74
1500,prize,74
1501,promise,74
1502,purity,74
1503,reinforcement,74
1504,rhythm,74
1505,sensibility,74
1506,spool,74
1507,tartan,74
1508,average,75
1509,defense,75
1510,epitome,75
1511,garb,75
1512,grunge,75
1513,horn,75
1514,insecurity,75
1515,prevention,75
1516,professor,75
1517,reach,75
1518,saddle,75
1519,shrug,75
1520,spill,75
1521,surrounding,75
1522,switch,75
1523,toenail,75
1524,1700,76
1525,assistance,76
1526,bouquet,76
1527,coaching,76
1528,courtesy,76
1529,craftsman,76
1530,cube,76
1531,dread,76
1532,editor,76
1533,excitement,76
1534,flip-flop,76
1535,high,76
1536,molecule,76
1537,mousse,76
1538,pear,76
1539,plier,76
1540,sack,76
1541,salesperson,76
1542,satchel,76
1543,saver,76
1544,seed,76
1545,sink,76
1546,swipe,76
1547,40,77
1548,additive,77
1549,carry,77
1550,clutter,77
1551,compass,77
1552,cosmetic,77
1553,fishing,77
1554,myriad,77
1555,pleating,77
1556,representation,77
1557,singer,77
1558,smoking,77
1559,solvent,77
1560,arsenal,78
1561,boning,78
1562,brass,78
1563,carat,78
1564,cloud,78
1565,commission,78
1566,disaster,78
1567,eg,78
1568,frequency,78
1569,hiker,78
1570,listener,78
1571,loyalty,78
1572,mini,78
1573,obstacle,78
1574,ombre,78
1575,scoop,78
1576,surfer,78
1577,takeaway,78
1578,transparency,78
1579,webbing,78
1580,a.,79
1581,attack,79
1582,belonging,79
1583,cms,79
1584,dupatta,79
1585,fad,79
1586,hairdo,79
1587,honesty,79
1588,jelly,79
1589,knitwear,79
1590,microfiber,79
1591,pashmina,79
1592,pillowcase,79
1593,rater,79
1594,skiing,79
1595,smocking,79
1596,supplement,79
1597,trimming,79
1598,artisan,80
1599,backlight,80
1600,bolt,80
1601,bucket,80
1602,cargo,80
1603,clay,80
1604,clog,80
1605,dryness,80
1606,empire,80
1607,enemy,80
1608,high-top,80
1609,lawn,80
1610,neighborhood,80
1611,photographer,80
1612,relative,80
1613,shield,80
1614,shortage,80
1615,slash,80
1616,swimmer,80
1617,womens,80
1618,yardage,80
1619,bollywood,81
1620,brew,81
1621,celeb,81
1622,comforter,81
1623,dark,81
1624,dilemma,81
1625,everyone,81
1626,illness,81
1627,lather,81
1628,makeover,81
1629,patina,81
1630,realm,81
1631,salwar,81
1632,vein,81
1633,village,81
1634,violet,81
1635,awareness,82
1636,bling,82
1637,cummerbund,82
1638,dash,82
1639,designing,82
1640,existence,82
1641,eyewear,82
1642,flavour,82
1643,gland,82
1644,hazard,82
1645,hug,82
1646,patterning,82
1647,pause,82
1648,recording,82
1649,revolution,82
1650,satisfaction,82
1651,sibling,82
1652,snip,82
1653,soccer,82
1654,vegetable,82
1655,verdict,82
1656,vocabulary,82
1657,bell,83
1658,chunk,83
1659,dominance,83
1660,headache,83
1661,hydration,83
1662,learning,83
1663,mill,83
1664,ounce,83
1665,performer,83
1666,pharmacy,83
1667,pyjama,83
1668,rank,83
1669,restriction,83
1670,bud,84
1671,chukka,84
1672,grandfather,84
1673,grid,84
1674,illustration,84
1675,moisturiser,84
1676,mullet,84
1677,reflection,84
1678,ryan,84
1679,suiting,84
1680,accompaniment,85
1681,breakage,85
1682,composition,85
1683,discipline,85
1684,finance,85
1685,formation,85
1686,here,85
1687,hill,85
1688,kerchief,85
1689,lid,85
1690,looking,85
1691,masterpiece,85
1692,nation,85
1693,nerve,85
1694,original,85
1695,teenager,85
1696,trap,85
1697,up,85
1698,advancement,86
1699,assembly,86
1700,backdrop,86
1701,breed,86
1702,church,86
1703,coast,86
1704,dancing,86
1705,filling,86
1706,getaway,86
1707,hop,86
1708,killer,86
1709,mascara,86
1710,moon,86
1711,mouse,86
1712,musician,86
1713,pallu,86
1714,retreat,86
1715,shading,86
1716,stilettos,86
1717,thriller,86
1718,trendsetter,86
1719,chip,87
1720,extreme,87
1721,fossil,87
1722,gallery,87
1723,germ,87
1724,grass,87
1725,hell,87
1726,hybrid,87
1727,ladder,87
1728,sage,87
1729,shank,87
1730,tour,87
1731,troop,87
1732,broguing,88
1733,coolness,88
1734,craze,88
1735,efficiency,88
1736,excess,88
1737,forum,88
1738,headgear,88
1739,headphone,88
1740,leadership,88
1741,magic,88
1742,parting,88
1743,poplin,88
1744,shoemaker,88
1745,stopwatch,88
1746,sunshine,88
1747,topper,88
1748,toxin,88
1749,tummy,88
1750,van,88
1751,voile,88
1752,acetate,89
1753,alert,89
1754,aura,89
1755,brightness,89
1756,cyclist,89
1757,dragon,89
1758,football,89
1759,glory,89
1760,olive,89
1761,pas,89
1762,royal,89
1763,tactic,89
1764,watchmaker,89
1765,assumption,90
1766,balloon,90
1767,bridge,90
1768,ceo,90
1769,couch,90
1770,crack,90
1771,dentist,90
1772,derby,90
1773,dimple,90
1774,domain,90
1775,embellishing,90
1776,eraser,90
1777,friendship,90
1778,fund,90
1779,gilet,90
1780,picnic,90
1781,rim,90
1782,sandalwood,90
1783,sundress,90
1784,visibility,90
1785,aficionado,91
1786,antioxidant,91
1787,bargain,91
1788,calculation,91
1789,conditioning,91
1790,down,91
1791,draw,91
1792,fault,91
1793,lake,91
1794,multitude,91
1795,odd,91
1796,polyurethane,91
1797,quartz,91
1798,resurgence,91
1799,standing,91
1800,supplier,91
1801,tale,91
1802,topcoat,91
1803,ale,92
1804,caveat,92
1805,commute,92
1806,entrance,92
1807,imagination,92
1808,kitty,92
1809,massage,92
1810,overlap,92
1811,piecing,92
1812,psychology,92
1813,spec,92
1814,specialist,92
1815,straightener,92
1816,trace,92
1817,tread,92
1818,worm,92
1819,appreciation,93
1820,blemish,93
1821,buddy,93
1822,eyelash,93
1823,initiative,93
1824,newspaper,93
1825,one-piece,93
1826,persona,93
1827,pigment,93
1828,50,94
1829,adhesive,94
1830,aluminum,94
1831,bedroom,94
1832,can,94
1833,economy,94
1834,espadrille,94
1835,glamour,94
1836,mobility,94
1837,partnership,94
1838,professionalism,94
1839,redness,94
1840,rip,94
1841,workwear,94
1842,bralette,95
1843,criticism,95
1844,drawback,95
1845,e-book,95
1846,like,95
1847,maxi,95
1848,motifs,95
1849,pet,95
1850,sensation,95
1851,breakout,96
1852,compression,96
1853,golfer,96
1854,outdoor,96
1855,promotion,96
1856,rear,96
1857,struggle,96
1858,award,97
1859,bamboo,97
1860,bangle,97
1861,butterfly,97
1862,camp,97
1863,chap,97
1864,debt,97
1865,guru,97
1866,meat,97
1867,outer,97
1868,provider,97
1869,undercut,97
1870,airline,98
1871,blister,98
1872,cedar,98
1873,confusion,98
1874,diversity,98
1875,femininity,98
1876,harm,98
1877,pot,98
1878,pusher,98
1879,read,98
1880,repellent,98
1881,scientist,98
1882,selvage,98
1883,smoke,98
1884,stride,98
1885,transcription,98
1886,tribe,98
1887,aim,99
1888,bedsheet,99
1889,buildup,99
1890,consequence,99
1891,customization,99
1892,negotiation,99
1893,plethora,99
1894,queen,99
1895,racing,99
1896,s2,99
1897,skater,99
1898,spotlight,99
1899,tennis,99
1900,tub,99
1901,1980,100
1902,anchor,100
1903,asset,100
1904,biking,100
1905,boyfriend,100
1906,comedy,100
1907,complication,100
1908,ebook,100
1909,edition,100
1910,farmer,100
1911,kick,100
1912,panty,100
1913,religion,100
1914,riding,100
1915,rivet,100
1916,slip-on,100
1917,squat,100
1918,symptom,100
1919,audio,101
1920,brewery,101
1921,butter,101
1922,dancer,101
1923,diy,101
1924,entry,101
1925,fingernail,101
1926,instrument,101
1927,salary,101
1928,stance,101
1929,teen,101
1930,terminology,101
1931,tutu,101
1932,utility,101
1933,warrior,101
1934,complexity,102
1935,cutout,102
1936,ditch,102
1937,grace,102
1938,herringbone,102
1939,humidity,102
1940,lbd,102
1941,pyramid,102
1942,talent,102
1943,titanium,102
1944,aid,103
1945,batting,103
1946,depression,103
1947,dip,103
1948,document,103
1949,egg,103
1950,exchange,103
1951,helmet,103
1952,photography,103
1953,pie,103
1954,puckering,103
1955,1990,104
1956,athleisure,104
1957,blood,104
1958,cake,104
1959,doll,104
1960,library,104
1961,mold,104
1962,pricing,104
1963,scar,104
1964,tent,104
1965,tux,104
1966,airport,105
1967,batch,105
1968,bowtie,105
1969,branch,105
1970,emergency,105
1971,foil,105
1972,instinct,105
1973,jeweler,105
1974,planning,105
1975,predecessor,105
1976,seersucker,105
1977,abrasion,106
1978,alloy,106
1979,army,106
1980,aviator,106
1981,cm,106
1982,consumption,106
1983,golf,106
1984,hemming,106
1985,midsection,106
1986,musk,106
1987,regulation,106
1988,romance,106
1989,salesman,106
1990,spree,106
1991,underwire,106
1992,welt,106
1993,diving,107
1994,do,107
1995,duration,107
1996,knitting,107
1997,notice,107
1998,notion,107
1999,precaution,107
2000,am,108
2001,analytic,108
2002,interlining,108
2003,occupation,108
2004,phenomenon,108
2005,poncho,108
2006,recovery,108
2007,rinse,108
2008,specie,108
2009,stream,108
2010,transformation,108
2011,buttock,109
2012,cardboard,109
2013,chill,109
2014,compound,109
2015,fame,109
2016,garter,109
2017,genre,109
2018,inventory,109
2019,motorcycle,109
2020,pilling,109
2021,potato,109
2022,regard,109
2023,royalty,109
2024,storm,109
2025,stranger,109
2026,vitamin,109
2027,calfskin,110
2028,dressmaking,110
2029,eyeglass,110
2030,funeral,110
2031,intention,110
2032,novel,110
2033,nut,110
2034,peer,110
2035,punk,110
2036,ranking,110
2037,regime,110
2038,sky,110
2039,stiffness,110
2040,stiletto,110
2041,tablet,110
2042,total,110
2043,whole,110
2044,command,111
2045,cuisine,111
2046,dumbbell,111
2047,engagement,111
2048,equivalent,111
2049,finding,111
2050,forearm,111
2051,pj,111
2052,streetwear,111
2053,tobacco,111
2054,armor,112
2055,brunch,112
2056,bundle,112
2057,chore,112
2058,deadline,112
2059,explanation,112
2060,hipster,112
2061,hormone,112
2062,patchouli,112
2063,peace,112
2064,processing,112
2065,weakness,112
2066,address,113
2067,bowl,113
2068,density,113
2069,feed,113
2070,follower,113
2071,individuality,113
2072,messaging,113
2073,nape,113
2074,pace,113
2075,pill,113
2076,relief,113
2077,rod,113
2078,vitaman,113
2079,worry,113
2080,aging,114
2081,bodysuit,114
2082,copper,114
2083,extra,114
2084,faith,114
2085,gain,114
2086,girlfriend,114
2087,hunter,114
2088,inclusion,114
2089,inking,114
2090,margin,114
2091,ootd,114
2092,pepper,114
2093,personnel,114
2094,spike,114
2095,university,114
2096,airflow,115
2097,bath,115
2098,beanie,115
2099,clarity,115
2100,debate,115
2101,duffel,115
2102,fraction,115
2103,motor,115
2104,panache,115
2105,patient,115
2106,sake,115
2107,sketch,115
2108,soul,115
2109,sugar,115
2110,viewer,115
2111,warranty,115
2112,bustline,116
2113,cami,116
2114,chemistry,116
2115,clinic,116
2116,discoloration,116
2117,format,116
2118,mustache,116
2119,patchwork,116
2120,penny,116
2121,sailor,116
2122,trade,116
2123,arrangement,117
2124,darning,117
2125,groove,117
2126,ice,117
2127,invitation,117
2128,rag,117
2129,sparkle,117
2130,sunnie,117
2131,target,117
2132,tracksuit,117
2133,basketball,118
2134,biker,118
2135,buy,118
2136,fisherman,118
2137,hero,118
2138,hope,118
2139,integrity,118
2140,laundry,118
2141,pinch,118
2142,pleasure,118
2143,rash,118
2144,ridge,118
2145,sideburn,118
2146,swim,118
2147,activewear,119
2148,autumn,119
2149,basting,119
2150,beverage,119
2151,flame,119
2152,font,119
2153,headwear,119
2154,limitation,119
2155,mine,119
2156,scallop,119
2157,sticker,119
2158,beret,120
2159,boutonniere,120
2160,campaign,120
2161,cancer,120
2162,earth,120
2163,employer,120
2164,mass,120
2165,mule,120
2166,segment,120
2167,shrinkage,120
2168,atmosphere,121
2169,finishing,121
2170,groom,121
2171,hunting,121
2172,physique,121
2173,preparation,121
2174,quantity,121
2175,request,121
2176,resin,121
2177,calculator,122
2178,female,122
2179,fish,122
2180,reception,122
2181,swing,122
2182,1940,123
2183,audiobook,123
2184,candy,123
2185,coil,123
2186,concealer,123
2187,expertise,123
2188,facility,123
2189,gauge,123
2190,intelligence,123
2191,mom,123
2192,projection,123
2193,sewist,123
2194,solid,123
2195,straw,123
2196,traveler,123
2197,centre,124
2198,evolution,124
2199,globe,124
2200,lash,124
2201,living,124
2202,magnet,124
2203,master,124
2204,nod,124
2205,replacement,124
2206,transcript,124
2207,wedge,124
2208,zip,124
2209,barrel,125
2210,counter,125
2211,drying,125
2212,fight,125
2213,friction,125
2214,hawk,125
2215,mud,125
2216,myth,125
2217,peacoat,125
2218,platinum,125
2219,statistic,125
2220,bergamot,126
2221,chic,126
2222,henley,126
2223,moleskin,126
2224,saying,126
2225,sponsor,126
2226,stereotype,126
2227,achievement,127
2228,engine,127
2229,flounce,127
2230,lead,127
2231,marriage,127
2232,mohawk,127
2233,pass,127
2234,profit,127
2235,spa,127
2236,symbolism,127
2237,brunette,128
2238,caution,128
2239,chronograph,128
2240,compromise,128
2241,go-to,128
2242,pendant,128
2243,portrait,128
2244,sequence,128
2245,bulge,129
2246,claim,129
2247,fibre,129
2248,interior,129
2249,muslin,129
2250,report,129
2251,shock,129
2252,subscriber,129
2253,parka,130
2254,slider,130
2255,symmetry,130
2256,boat,131
2257,collaboration,131
2258,fortune,131
2259,gaiter,131
2260,mate,131
2261,phase,131
2262,pillow,131
2263,punch,131
2264,quiz,131
2265,share,131
2266,skate,131
2267,surgery,131
2268,acne,132
2269,drama,132
2270,flag,132
2271,flaw,132
2272,forest,132
2273,insert,132
2274,mystery,132
2275,protector,132
2276,pursuit,132
2277,sleepwear,132
2278,sunscreen,132
2279,consultant,133
2280,mineral,133
2281,monk,133
2282,philosophy,133
2283,pulp,133
2284,significance,133
2285,silicone,133
2286,slide,133
2287,temple,133
2288,vessel,133
2289,chalk,134
2290,napkin,134
2291,practicality,134
2292,profession,134
2293,seal,134
2294,updo,134
2295,breakdown,135
2296,creature,135
2297,cuticle,135
2298,elasticity,135
2299,gum,135
2300,gun,135
2301,led,135
2302,planet,135
2303,purple,135
2304,steamer,135
2305,territory,135
2306,thong,135
2307,toothpaste,135
2308,attempt,136
2309,capital,136
2310,suggestion,136
2311,tendency,136
2312,citrus,137
2313,cross,137
2314,guidance,137
2315,lie,137
2316,pom,137
2317,precision,137
2318,specification,137
2319,tshirt,137
2320,duty,138
2321,hygiene,138
2322,judge,138
2323,legend,138
2324,pantie,138
2325,plane,138
2326,recognition,138
2327,similarity,138
2328,sweating,138
2329,vintage,138
2330,chair,139
2331,choker,139
2332,cognac,139
2333,lifespan,139
2334,tray,139
2335,contour,140
2336,emphasis,140
2337,errand,140
2338,glitter,140
2339,income,140
2340,retro,140
2341,slot,140
2342,60,141
2343,brooch,141
2344,crew,141
2345,fingertip,141
2346,lemon,141
2347,lever,141
2348,monofilament,141
2349,paste,141
2350,rage,141
2351,identity,142
2352,land,142
2353,medication,142
2354,on-trend,142
2355,tv,142
2356,underside,142
2357,cornrow,143
2358,handshake,143
2359,insurance,143
2360,landscape,143
2361,nightgown,143
2362,palazzo,143
2363,sandwich,143
2364,sensitivity,143
2365,swimwear,143
2366,texting,143
2367,trench,143
2368,vehicle,143
2369,fitbit,144
2370,gloss,144
2371,neutral,144
2372,saris,144
2373,sponge,144
2374,vinyl,144
2375,20,145
2376,allergy,145
2377,cycling,145
2378,extent,145
2379,glance,145
2380,mission,145
2381,rope,145
2382,scrunchie,145
2383,signature,145
2384,traffic,145
2385,wingtip,145
2386,you,145
2387,apple,146
2388,boundary,146
2389,camisole,146
2390,coin,146
2391,gender,146
2392,kilt,146
2393,microphone,146
2394,million,146
2395,present,146
2396,ratio,146
2397,worth,146
2398,accident,147
2399,argument,147
2400,hosiery,147
2401,intake,147
2402,lawyer,147
2403,noise,147
2404,numeral,147
2405,protein,147
2406,try,147
2407,70,148
2408,brocade,148
2409,station,148
2410,testosterone,148
2411,veteran,148
2412,bomber,149
2413,cheekbone,149
2414,credit,149
2415,festival,149
2416,imperfection,149
2417,population,149
2418,surgeon,149
2419,vanilla,149
2420,copy,150
2421,flash,150
2422,initial,150
2423,lift,150
2424,ocean,150
2425,onesie,150
2426,online,150
2427,stop,150
2428,dance,151
2429,exfoliant,151
2430,lens,151
2431,producer,151
2432,rut,151
2433,sister,151
2434,strain,151
2435,wisdom,151
2436,backside,152
2437,businessman,152
2438,buying,152
2439,carpet,152
2440,frustration,152
2441,mountain,152
2442,snake,152
2443,spectrum,152
2444,title,152
2445,tote,152
2446,tweezer,152
2447,affair,153
2448,exterior,153
2449,payment,153
2450,shelf,153
2451,attribute,154
2452,breeze,154
2453,colleague,154
2454,distinction,154
2455,pitch,154
2456,separate,154
2457,treat,154
2458,coloring,155
2459,fastening,155
2460,ironing,155
2461,lifetime,155
2462,outcome,155
2463,palm,155
2464,pompadour,155
2465,burgundy,156
2466,jawline,156
2467,mane,156
2468,sex,156
2469,spin,156
2470,truck,156
2471,breakfast,157
2472,candidate,157
2473,cousin,157
2474,gadget,157
2475,ship,157
2476,actress,158
2477,couture,158
2478,host,158
2479,port,158
2480,youth,158
2481,arch,159
2482,default,159
2483,delivery,159
2484,fatigue,159
2485,slope,159
2486,substance,159
2487,dose,160
2488,concert,161
2489,difficulty,161
2490,navigation,161
2491,sand,161
2492,scrub,161
2493,discussion,162
2494,overview,162
2495,sewguide,162
2496,writer,162
2497,2000,163
2498,peroxide,163
2499,women,163
2500,joy,164
2501,membership,164
2502,transfer,164
2503,advance,165
2504,glow,165
2505,input,165
2506,niche,165
2507,residue,165
2508,substitute,165
2509,comeback,166
2510,following,166
2511,masculinity,166
2512,shaft,166
2513,tequila,166
2514,x,166
2515,happiness,167
2516,sea,167
2517,log,168
2518,pullover,168
2519,record,168
2520,softener,168
2521,creator,169
2522,garden,169
2523,variant,169
2524,minimum,170
2525,perfection,170
2526,reward,170
2527,stat,170
2528,touchscreen,170
2529,bite,171
2530,cheek,171
2531,.,172
2532,buyer,172
2533,danger,172
2534,eyeshadow,172
2535,upholstery,172
2536,vacation,172
2537,alarm,173
2538,anxiety,173
2539,basket,173
2540,blackhead,173
2541,bristle,173
2542,c,173
2543,favor,173
2544,midsole,173
2545,network,173
2546,pedal,173
2547,serger,173
2548,battle,174
2549,complaint,174
2550,floral,174
2551,progress,174
2552,shoelace,174
2553,consistency,175
2554,grommet,175
2555,labor,175
2556,loungewear,175
2557,outsole,175
2558,conclusion,176
2559,distraction,176
2560,filter,176
2561,mess,176
2562,patience,176
2563,waste,176
2564,appointment,177
2565,bootie,177
2566,error,177
2567,jaw,177
2568,rectangle,177
2569,bras,178
2570,butt,178
2571,context,178
2572,disease,178
2573,driver,178
2574,expense,178
2575,feedback,178
2576,moustache,178
2577,organza,178
2578,quiff,178
2579,starch,178
2580,ticket,178
2581,usage,178
2582,make,179
2583,tack,179
2584,act,180
2585,blonde,180
2586,cable,180
2587,circumstance,180
2588,dialogue,180
2589,jewel,180
2590,ornament,180
2591,resort,180
2592,splash,180
2593,building,181
2594,perforation,181
2595,t,181
2596,tier,181
2597,criterion,182
2598,packaging,182
2599,particle,182
2600,pinstripe,182
2601,release,182
2602,bib,183
2603,browser,183
2604,deck,183
2605,luster,183
2606,operation,183
2607,b,184
2608,nipper,184
2609,responsibility,184
2610,vamp,184
2611,cafe,185
2612,fly,185
2613,hint,185
2614,invention,185
2615,island,185
2616,joke,185
2617,longevity,185
2618,authority,186
2619,bank,186
2620,e,186
2621,recipe,186
2622,stencil,186
2623,crepe,187
2624,hijab,187
2625,mattress,187
2626,quote,187
2627,aroma,188
2628,cushion,188
2629,hassle,189
2630,remedy,189
2631,swimming,189
2632,pose,190
2633,simple,190
2634,transition,190
2635,bathroom,191
2636,husband,191
2637,motivation,191
2638,norm,191
2639,spice,191
2640,wipe,191
2641,graphic,192
2642,horse,192
2643,tongue,192
2644,dyeing,193
2645,pound,193
2646,softness,193
2647,survey,193
2648,tint,193
2649,artwork,194
2650,death,194
2651,lint,194
2652,pilot,194
2653,raincoat,194
2654,steam,194
2655,boxer,195
2656,intensity,195
2657,printer,195
2658,road,195
2659,drawer,196
2660,fat,196
2661,song,196
2662,charcoal,197
2663,desire,197
2664,essence,197
2665,influencer,197
2666,oxygen,197
2667,tech,197
2668,leaf,198
2669,belly,199
2670,circumference,199
2671,heirloom,199
2672,hike,199
2673,win,199
2674,flight,200
2675,infection,200
2676,park,200
2677,vinegar,200
2678,craft,201
2679,laptop,201
2680,lavender,201
2681,shaver,201
2682,thinking,201
2683,bandana,202
2684,diagram,202
2685,foam,202
2686,reader,202
2687,safety,202
2688,writing,202
2689,bike,203
2690,injury,203
2691,mother,203
2692,public,203
2693,yellow,203
2694,checklist,204
2695,detailing,204
2696,drive,204
2697,interaction,204
2698,joint,204
2699,journal,204
2700,manufacturing,204
2701,saturation,204
2702,armpit,205
2703,dresser,205
2704,factory,205
2705,fix,205
2706,monogram,205
2707,sight,205
2708,zig,205
2709,absorption,206
2710,accuracy,206
2711,brace,206
2712,jersey,206
2713,must,206
2714,proof,206
2715,stubble,206
2716,cleanser,207
2717,furniture,207
2718,hobby,207
2719,layout,207
2720,mixture,207
2721,opposite,207
2722,sample,207
2723,bump,208
2724,salon,208
2725,scratch,208
2726,voice,208
2727,wonder,208
2728,click,209
2729,fee,209
2730,lighting,209
2731,male,209
2732,shadow,209
2733,stock,209
2734,train,209
2735,trust,209
2736,bird,210
2737,potential,210
2738,sportswear,210
2739,brow,211
2740,calorie,211
2741,container,211
2742,organization,211
2743,humor,212
2744,interval,212
2745,law,212
2746,simplicity,212
2747,stocking,212
2748,a,213
2749,cold,213
2750,courage,213
2751,eyeliner,213
2752,moccasin,213
2753,rider,213
2754,1900,214
2755,creativity,214
2756,pomade,214
2757,repair,214
2758,communication,215
2759,curtain,215
2760,extract,215
2761,mindset,215
2762,net,215
2763,offering,215
2764,starter,215
2765,trial,215
2766,consumer,216
2767,ride,216
2768,v-neck,216
2769,being,217
2770,soda,217
2771,1930,218
2772,fire,218
2773,gemstone,218
2774,security,218
2775,cowboy,219
2776,interpretation,219
2777,menu,219
2778,peak,219
2779,transplant,219
2780,calendar,221
2781,discomfort,221
2782,rhinestone,221
2783,spread,221
2784,toothbrush,221
2785,chocolate,222
2786,founder,222
2787,serum,222
2788,vision,222
2789,dad,223
2790,phrase,223
2791,wine,223
2792,marketing,224
2793,mm,224
2794,ritual,224
2795,breathability,225
2796,drawing,225
2797,fashionista,225
2798,human,225
2799,score,225
2800,concentration,226
2801,covering,226
2802,hairpiece,226
2803,increase,226
2804,runway,226
2805,studio,226
2806,guard,227
2807,undergarment,227
2808,daughter,228
2809,dish,228
2810,ponytail,228
2811,shopper,228
2812,stomach,228
2813,template,228
2814,attraction,229
2815,capacity,229
2816,commitment,229
2817,dust,229
2818,gather,229
2819,celebration,230
2820,orange,230
2821,buys,231
2822,diameter,231
2823,firm,231
2824,terrain,231
2825,alteration,232
2826,barrier,232
2827,juice,232
2828,outing,232
2829,pastel,232
2830,roller,232
2831,taper,232
2832,race,233
2833,sheen,233
2834,integration,234
2835,sheep,234
2836,wealth,234
2837,weaving,234
2838,comparison,235
2839,insight,235
2840,ripper,235
2841,80,236
2842,downside,236
2843,snow,236
2844,summary,236
2845,tank,236
2846,ad,237
2847,conference,237
2848,goat,237
2849,belief,238
2850,circulation,238
2851,competitor,238
2852,gathering,238
2853,hide,238
2854,productivity,238
2855,rightside,238
2856,screw,238
2857,son,238
2858,yard,238
2859,LOOK,239
2860,frock,239
2861,indicator,239
2862,must-have,239
2863,no,239
2864,trail,239
2865,wing,239
2866,baggy,240
2867,sizing,240
2868,teacher,240
2869,understanding,240
2870,weapon,240
2871,1800,241
2872,evidence,241
2873,favourite,241
2874,fruit,241
2875,salt,241
2876,burn,242
2877,fedora,242
2878,premium,242
2879,synthetic,242
2880,cleat,243
2881,college,243
2882,floss,243
2883,insole,243
2884,pairing,243
2885,suitcase,243
2886,v,243
2887,association,244
2888,processor,245
2889,seller,245
2890,stamp,245
2891,core,246
2892,d,246
2893,lunch,246
2894,dozen,247
2895,making,247
2896,pride,247
2897,snap,247
2898,warp,247
2899,clothier,248
2900,craftsmanship,248
2901,insulation,248
2902,liner,249
2903,percentage,249
2904,tissue,249
2905,cat,250
2906,feather,250
2907,90,251
2908,description,251
2909,elbow,251
2910,failure,251
2911,parent,251
2912,internet,252
2913,judgment,252
2914,etiquette,253
2915,ruler,253
2916,boost,254
2917,breath,254
2918,cocktail,254
2919,crotch,254
2920,necessity,254
2921,marker,255
2922,search,255
2923,subscription,255
2924,upgrade,255
2925,acrylic,256
2926,bill,256
2927,boss,256
2928,folk,256
2929,king,256
2930,crop,257
2931,companion,258
2932,brother,259
2933,development,260
2934,management,260
2935,podcast,260
2936,surprise,260
2937,recommendation,261
2938,talk,261
2939,bean,262
2940,decor,262
2941,possibility,262
2942,saving,263
2943,calf,264
2944,fitting,264
2945,hiking,264
2946,doubt,265
2947,ideal,265
2948,loom,265
2949,perception,265
2950,father,266
2951,hotel,266
2952,procedure,266
2953,wall,266
2954,1950,267
2955,actor,267
2956,balm,267
2957,button-down,267
2958,plaid,267
2959,bikini,268
2960,tulle,268
2961,diaper,269
2962,toy,270
2963,reaction,271
2964,cape,272
2965,court,272
2966,dream,272
2967,mat,272
2968,hit,273
2969,liquid,273
2970,boutique,274
2971,sophistication,274
2972,gem,275
2973,left,275
2974,frill,276
2975,grade,276
2976,skincare,276
2977,deodorant,277
2978,pick,277
2979,quarter,278
2980,custom,279
2981,diet,279
2982,exposure,279
2983,fear,279
2984,clutch,280
2985,percent,280
2986,improvement,281
2987,knife,281
2988,mile,281
2989,traction,281
2990,1970,282
2991,remover,282
2992,rib,282
2993,workplace,282
2994,clock,284
2995,entrepreneur,284
2996,nap,284
2997,perspective,284
2998,sash,284
2999,stylist,285
3000,go,286
3001,limit,286
3002,guarantee,287
3003,holiday,287
3004,priority,287
3005,reality,287
3006,shot,287
3007,triangle,287
3008,layering,288
3009,load,288
3010,undertone,288
3011,education,289
3012,follicle,289
3013,self,289
3014,bobbin,291
3015,stick,291
3016,venue,291
3017,manual,293
3018,package,293
3019,binding,294
3020,holder,294
3021,jewellery,294
3022,meal,294
3023,notch,294
3024,principle,294
3025,reminder,294
3026,career,295
3027,demand,295
3028,introduction,295
3029,eyebrow,296
3030,competition,297
3031,inseam,297
3032,pump,297
3033,removal,297
3034,wristwatch,297
3035,creation,298
3036,signal,298
3037,truth,298
3038,offer,299
3039,petal,299
3040,stabilizer,299
3041,stroke,299
3042,suspender,299
3043,counterpart,300
3044,heritage,300
3045,mesh,300
3046,subculture,300
3047,ruby,301
3048,buck,302
3049,cushioning,302
3050,cutting,302
3051,sound,302
3052,subject,302
3053,wrap,302
3054,alcohol,303
3055,bacteria,303
3056,checkout,303
3057,excuse,303
3058,scenario,303
3059,agent,304
3060,bob,304
3061,file,304
3062,hold,304
3063,umbrella,304
3064,bonus,306
3065,tuck,306
3066,analysis,307
3067,web,307
3068,none,308
3069,region,308
3070,piping,309
3071,rack,309
3072,sunlight,309
3073,passion,310
3074,requirement,310
3075,slip,310
3076,corduroy,311
3077,lack,311
3078,mouth,311
3079,elastic,312
3080,theory,312
3081,window,312
3082,bunch,313
3083,drawstring,314
3084,flat,314
3085,monitoring,314
3086,photograph,315
3087,attachment,316
3088,hood,316
3089,object,316
3090,backing,317
3091,stability,317
3092,lotion,318
3093,war,318
3094,cue,319
3095,reputation,319
3096,expectation,321
3097,flavor,321
3098,mean,321
3099,strategy,323
3100,flop,324
3101,leave,324
3102,shell,324
3103,thumb,325
3104,magazine,326
3105,shaving,326
3106,casual,327
3107,spirit,327
3108,visit,329
3109,coach,330
3110,military,330
3111,gesture,331
3112,hundred,331
3113,trunk,331
3114,fastener,332
3115,trouble,332
3116,guest,333
3117,majority,333
3118,matching,333
3119,past,333
3120,presence,333
3121,cause,334
3122,coating,336
3123,adult,337
3124,episode,337
3125,importance,337
3126,behavior,338
3127,cash,339
3128,emerald,339
3129,guideline,339
3130,brain,340
3131,exception,341
3132,compliment,342
3133,irritation,342
3134,suite,343
3135,tassel,343
3136,walk,344
3137,wind,344
3138,emotion,345
3139,computer,346
3140,1960,347
3141,doctor,347
3142,mechanism,347
3143,client,348
3144,officer,349
3145,pore,349
3146,white,349
3147,scrap,350
3148,string,350
3149,petticoat,351
3150,restaurant,352
3151,fullness,353
3152,mood,353
3153,overall,353
3154,unit,353
3155,beginner,354
3156,lacing,354
3157,charger,355
3158,stand,355
3159,robe,357
3160,sweatpant,357
3161,adventure,358
3162,weekend,358
3163,tear,359
3164,tunic,359
3165,padding,360
3166,turn,362
3167,pencil,364
3168,running,364
3169,rock,365
3170,concept,366
3171,science,366
3172,weft,366
3173,author,368
3174,infographic,368
3175,travel,368
3176,ceremony,369
3177,scheme,369
3178,trainer,369
3179,basic,371
3180,blogger,371
3181,lover,371
3182,reply,371
3183,return,371
3184,yoke,371
3185,forehead,372
3186,lingerie,372
3187,crystal,373
3188,future,373
3189,memory,373
3190,cutter,374
3191,dryer,374
3192,handkerchief,374
3193,formality,375
3194,innovation,375
3195,ray,375
3196,storage,375
3197,chiffon,376
3198,desk,376
3199,metric,376
3200,outerwear,376
3201,combo,377
3202,luck,377
3203,ton,377
3204,flannel,378
3205,gap,378
3206,bond,379
3207,nose,379
3208,route,379
3209,concern,380
3210,bleach,383
3211,gray,383
3212,tab,383
3213,enthusiast,384
3214,eyelet,385
3215,theme,385
3216,wire,385
3217,worker,385
3218,decoration,386
3219,yoga,386
3220,twill,388
3221,manicure,389
3222,trait,389
3223,account,392
3224,illusion,392
3225,slipper,392
3226,kimono,393
3227,quilting,393
3228,reading,393
3229,swimsuit,393
3230,chin,394
3231,perfume,394
3232,plant,394
3233,rmrs,394
3234,clipper,395
3235,move,395
3236,presentation,396
3237,array,397
3238,fall,398
3239,grooming,399
3240,path,399
3241,journey,401
3242,stay,401
3243,kurta,402
3244,pile,402
3245,comment,403
3246,flow,403
3247,khaki,403
3248,pool,404
3249,sequin,404
3250,disadvantage,408
3251,expression,408
3252,spandex,408
3253,runner,409
3254,apron,411
3255,athlete,411
3256,hemline,412
3257,tea,412
3258,start,413
3259,trimmer,413
3260,barber,414
3261,corset,414
3262,dog,414
3263,response,414
3264,roll,414
3265,policy,416
3266,stud,418
3267,tuxedo,418
3268,beginning,419
3269,bet,419
3270,polo,419
3271,seat,420
3272,respect,421
3273,attractiveness,422
3274,con,423
3275,pop,423
3276,cufflink,424
3277,owner,424
3278,charge,425
3279,costume,425
3280,drink,425
3281,emoji,425
3282,rating,425
3283,timer,425
3284,training,425
3285,generation,426
3286,complexion,429
3287,headband,429
3288,bone,430
3289,society,430
3290,lesson,432
3291,dollar,433
3292,oxford,434
3293,speaker,434
3294,secret,435
3295,thousand,435
3296,motion,438
3297,shawl,438
3298,stress,438
3299,destination,439
3300,freedom,439
3301,wife,440
3302,charm,442
3303,dressing,444
3304,leader,444
3305,force,445
3306,flexibility,446
3307,dirt,448
3308,marking,448
3309,community,449
3310,influence,450
3311,luxury,450
3312,tight,450
3313,reference,451
3314,pack,452
3315,rose,453
3316,posture,454
3317,equipment,455
3318,speech,455
3319,brim,458
3320,glue,458
3321,cleaner,460
3322,hardware,460
3323,plate,462
3324,topic,463
3325,dinner,464
3326,stage,466
3327,tradition,466
3328,briefcase,467
3329,interface,468
3330,individual,469
3331,rayon,469
3332,painting,470
3333,soldier,470
3334,thickness,470
3335,cleaning,471
3336,origin,471
3337,hairline,473
3338,production,473
3339,supply,473
3340,fur,474
3341,drop,475
3342,take,478
3343,upper,478
3344,floor,479
3345,fitness,480
3346,focus,480
3347,resource,480
3348,tailoring,480
3349,foundation,481
3350,green,481
3351,build,483
3352,moisturizer,485
3353,capability,486
3354,street,486
3355,spray,488
3356,rain,490
3357,while,490
3358,breast,491
3359,bulk,491
3360,beer,492
3361,flair,493
3362,outside,493
3363,pro,493
3364,turtleneck,493
3365,clasp,494
3366,gel,497
3367,pouch,498
3368,software,498
3369,speed,498
3370,definition,500
3371,crowd,501
3372,door,501
3373,shave,501
3374,rise,503
3375,state,503
3376,brown,504
3377,lipstick,504
3378,root,504
3379,versatility,504
3380,flare,505
3381,applique,507
3382,cell,507
3383,grip,507
3384,professional,507
3385,convenience,508
3386,ground,510
3387,series,510
3388,instance,511
3389,luggage,511
3390,casing,514
3391,privacy,514
3392,red,514
3393,accent,517
3394,maker,517
3395,characteristic,518
3396,component,518
3397,lense,519
3398,audience,521
3399,black,521
3400,cashmere,521
3401,match,521
3402,sweatshirt,523
3403,essential,524
3404,grey,524
3405,track,526
3406,palette,527
3407,vent,527
3408,fleece,528
3409,smile,528
3410,tension,532
3411,border,534
3412,crease,535
3413,jogger,535
3414,camera,536
3415,placement,536
3416,celebrity,537
3417,cycle,537
3418,spring,538
3419,bride,540
3420,city,540
3421,consideration,540
3422,tail,540
3423,ruffle,542
3424,challenge,545
3425,shampoo,546
3426,thought,548
3427,outline,550
3428,researcher,550
3429,town,550
3430,energy,551
3431,ink,551
3432,pajama,552
3433,printing,552
3434,dart,555
3435,compartment,558
3436,favorite,558
3437,opinion,558
3438,count,559
3439,connection,560
3440,pain,560
3441,news,562
3442,wood,562
3443,faq,563
3444,odor,563
3445,bias,565
3446,degree,565
3447,manner,565
3448,slit,565
3449,rubber,569
3450,durability,570
3451,formula,570
3452,pad,573
3453,pen,575
3454,apparel,577
3455,armhole,578
3456,bust,578
3457,jumpsuit,578
3458,proportion,578
3459,row,578
3460,attitude,579
3461,logo,579
3462,participant,579
3463,pink,579
3464,waistcoat,579
3465,towel,580
3466,tree,581
3467,scalp,582
3468,adjustment,583
3469,fringe,583
3470,status,583
3471,acid,584
3472,profile,584
3473,baby,585
3474,plastic,586
3475,background,587
3476,club,587
3477,dot,588
3478,nylon,588
3479,application,589
3480,drape,591
3481,sort,592
3482,bun,593
3483,hook,594
3484,highlight,596
3485,shine,596
3486,scale,597
3487,elegance,598
3488,blanket,600
3489,flap,602
3490,chart,603
3491,interfacing,604
3492,field,606
3493,mix,606
3494,sweat,607
3495,test,607
3496,torso,608
3497,cup,610
3498,knowledge,611
3499,embellishment,613
3500,session,614
3501,saree,615
3502,animal,616
3503,tweed,617
3504,sari,621
3505,menswear,627
3506,monitor,628
3507,closure,630
3508,shipping,630
3509,pearl,632
3510,muscle,634
3511,textile,635
3512,coffee,636
3513,coverage,640
3514,conditioner,641
3515,break,643
3516,good,643
3517,investment,643
3518,soap,644
3519,bed,645
3520,keyboard,645
3521,wrinkle,646
3522,zone,648
3523,ball,649
3524,page,649
3525,partner,649
3526,steel,649
3527,tag,654
3528,wax,654
3529,meaning,656
3530,thigh,658
3531,shower,661
3532,era,663
3533,run,665
3534,paint,666
3535,veil,666
3536,sun,667
3537,budget,670
3538,waistline,670
3539,boy,672
3540,experiment,672
3541,matter,673
3542,buttonhole,675
3543,slack,675
3544,heart,676
3545,overcoat,676
3546,timepiece,677
3547,beach,680
3548,washing,680
3549,dial,681
3550,satin,681
3551,chemical,683
3552,artist,684
3553,approach,685
3554,fan,685
3555,forward,687
3556,member,687
3557,meter,687
3558,access,688
3559,velvet,688
3560,powder,690
3561,lock,692
3562,mask,693
3563,growth,695
3564,basis,698
3565,interest,698
3566,navy,698
3567,popularity,698
3568,smell,698
3569,sleep,700
3570,channel,703
3571,climate,704
3572,warmth,704
3573,maintenance,705
3574,moisture,707
3575,facing,708
3576,distance,710
3577,purse,711
3578,risk,712
3579,letter,715
3580,structure,718
3581,os,720
3582,jumper,722
3583,music,723
3584,detergent,725
3585,ear,725
3586,knit,727
3587,board,732
3588,gym,732
3589,angle,734
3590,icon,736
3591,mirror,736
3592,canvas,737
3593,film,737
3594,placket,738
3595,ease,740
3596,plan,740
3597,bezel,744
3598,trick,745
3599,hoop,746
3600,purchase,751
3601,view,751
3602,action,756
3603,cover,756
3604,right,757
3605,cardigan,762
3606,stretch,762
3607,student,765
3608,blog,766
3609,curl,767
3610,stone,767
3611,help,769
3612,undershirt,769
3613,battery,770
3614,handbag,770
3615,air,773
3616,quilt,777
3617,love,780
3618,lip,781
3619,inspiration,786
3620,classic,792
3621,impact,792
3622,platform,792
3623,grain,794
3624,volume,796
3625,aspect,798
3626,People,800
3627,link,800
3628,wave,801
3629,brief,802
3630,player,802
3631,comb,806
3632,moment,809
3633,styling,810
3634,taste,812
3635,medium,816
3636,property,816
3637,feeling,817
3638,silver,817
3639,control,821
3640,table,821
3641,contact,823
3642,patch,823
3643,nature,824
3644,sensor,824
3645,standard,824
3646,personality,825
3647,chest,831
3648,role,831
3649,beauty,832
3650,smartphone,833
3651,diamond,834
3652,resistance,835
3653,thank,837
3654,mode,840
3655,update,841
3656,practice,845
3657,display,846
3658,gear,846
3659,notification,849
3660,effort,852
3661,closet,856
3662,suede,861
3663,food,862
3664,character,864
3665,lifestyle,866
3666,loss,867
3667,discount,870
3668,expert,870
3669,conversation,871
3670,functionality,873
3671,language,878
3672,photo,882
3673,key,883
3674,chain,884
3675,customer,885
3676,balance,888
3677,team,888
3678,opportunity,889
3679,research,889
3680,user,892
3681,school,893
3682,review,902
3683,wheel,903
3684,fade,908
3685,strength,910
3686,inbox,911
3687,dye,913
3688,success,914
3689,child,916
3690,bottle,918
3691,crown,921
3692,instruction,921
3693,position,921
3694,car,924
3695,block,925
3696,symbol,926
3697,check,927
3698,map,927
3699,program,927
3700,dimension,929
3701,manufacturer,929
3702,ensemble,931
3703,knee,931
3704,damage,933
3705,strand,933
3706,gift,936
3707,bow,938
3708,polyester,941
3709,hanger,944
3710,inside,944
3711,middle,951
3712,answer,952
3713,sol,957
3714,relationship,958
3715,tube,958
3716,star,959
3717,hack,960
3718,motif,966
3719,meeting,967
3720,portion,981
3721,panel,982
3722,depth,983
3723,sign,983
3724,ankle,990
3725,blade,993
3726,couple,997
3727,tee,1001
3728,blue,1005
3729,pressure,1007
3730,site,1011
3731,scene,1014
3732,tracker,1018
3733,twist,1018
3734,wearer,1026
3735,scissor,1031
3736,text,1033
3737,men,1038
3738,chance,1045
3739,card,1050
3740,curve,1051
3741,linen,1051
3742,brogue,1055
3743,temperature,1055
3744,decade,1056
3745,romper,1057
3746,trim,1058
3747,preference,1059
3748,lady,1062
3749,exercise,1064
3750,makeup,1064
3751,location,1070
3752,plenty,1075
3753,polish,1077
3754,period,1078
3755,toe,1079
3756,skill,1083
3757,contrast,1084
3758,sole,1087
3759,base,1088
3760,handle,1090
3761,aesthetic,1092
3762,category,1092
3763,iron,1095
3764,wallet,1097
3765,fun,1099
3766,winter,1099
3767,decision,1102
3768,datum,1106
3769,trip,1110
3770,interview,1112
3771,figure,1113
3772,treatment,1114
3773,class,1119
3774,vest,1126
3775,appeal,1127
3776,_,1129
3777,wash,1131
3778,tracking,1132
3779,performance,1140
3780,braid,1147
3781,sheet,1148
3782,country,1153
3783,cologne,1162
3784,gent,1165
3785,uniform,1173
3786,press,1177
3787,cord,1178
3788,kit,1179
3789,health,1180
3790,tailor,1185
3791,necktie,1186
3792,winner,1188
3793,ability,1191
3794,rest,1192
3795,razor,1196
3796,hoodie,1197
3797,email,1207
3798,gold,1207
3799,finger,1208
3800,office,1209
3801,fold,1213
3802,earring,1220
3803,bang,1226
3804,metal,1226
3805,necklace,1230
3806,extension,1231
3807,technology,1233
3808,construction,1238
3809,staple,1242
3810,bar,1243
3811,habit,1244
3812,corner,1270
3813,piercing,1270
3814,task,1271
3815,vibe,1272
3816,group,1277
3817,ingredient,1277
3818,measure,1286
3819,blouse,1288
3820,show,1289
3821,buckle,1291
3822,circle,1298
3823,hip,1298
3824,market,1298
3825,direction,1300
3826,spot,1302
3827,kid,1303
3828,ribbon,1308
3829,device,1315
3830,clip,1319
3831,sunglass,1320
3832,glass,1321
3833,tooth,1322
3834,center,1323
3835,party,1328
3836,impression,1329
3837,arm,1330
3838,benefit,1333
3839,pleat,1347
3840,hue,1350
3841,condition,1361
3842,value,1368
3843,bracelet,1369
3844,story,1374
3845,age,1375
3846,call,1377
3847,confidence,1380
3848,protection,1380
3849,label,1381
3850,variation,1381
3851,cost,1383
3852,issue,1385
3853,advice,1387
3854,feel,1387
3855,height,1390
3856,art,1403
3857,movie,1407
3858,legging,1413
3859,shortcut,1413
3860,wrist,1413
3861,underwear,1416
3862,cream,1418
3863,routine,1419
3864,outfits,1420
3865,heat,1421
3866,project,1422
3867,industry,1428
3868,backpack,1430
3869,house,1431
3870,environment,1434
3871,round,1434
3872,support,1439
3873,content,1451
3874,family,1458
3875,half,1466
3876,paper,1473
3877,box,1477
3878,shift,1482
3879,power,1484
3880,section,1491
3881,stain,1494
3882,goal,1497
3883,study,1499
3884,culture,1502
3885,deal,1504
3886,order,1505
3887,lapel,1507
3888,century,1510
3889,course,1513
3890,footwear,1517
3891,date,1524
3892,mistake,1526
3893,situation,1527
3894,factor,1531
3895,sport,1541
3896,gentleman,1546
3897,stripe,1549
3898,change,1551
3899,gown,1565
3900,summer,1568
3901,light,1571
3902,beard,1574
3903,advantage,1583
3904,sandal,1586
3905,selection,1602
3906,workout,1603
3907,lining,1615
3908,service,1622
3909,model,1625
3910,haircut,1629
3911,chino,1631
3912,loafer,1640
3913,solution,1649
3914,purpose,1661
3915,girl,1663
3916,waistband,1670
3917,attire,1672
3918,glove,1674
3919,blend,1688
3920,mind,1690
3921,zipper,1695
3922,frame,1716
3923,rate,1739
3924,wedding,1741
3925,addition,1749
3926,brush,1751
3927,home,1753
3928,season,1753
3929,statement,1764
3930,alternative,1766
3931,game,1767
3932,form,1769
3933,bead,1777
3934,need,1803
3935,setting,1804
3936,touch,1806
3937,website,1814
3938,jewelry,1815
3939,collection,1822
3940,picture,1828
3941,nail,1852
3942,term,1860
3943,activity,1869
3944,pin,1874
3945,bodice,1875
3946,comfort,1919
3947,book,1937
3948,set,1963
3949,opening,1965
3950,room,1974
3951,message,1990
3952,stuff,2038
3953,information,2050
3954,silhouette,2050
3955,job,2069
3956,movement,2095
3957,word,2103
3958,care,2126
3959,lace,2127
3960,technique,2130
3961,bottom,2153
3962,flower,2176
3963,hole,2204
3964,other,2207
3965,guide,2224
3966,loop,2229
3967,strip,2243
3968,function,2245
3969,sense,2250
3970,phone,2256
3971,weather,2265
3972,denim,2282
3973,width,2326
3974,tone,2329
3975,bra,2331
3976,fact,2334
3977,history,2343
3978,stitching,2348
3979,experience,2349
3980,screen,2363
3981,amount,2367
3982,surface,2385
3983,element,2394
3984,finish,2403
3985,print,2410
3986,result,2428
3987,friend,2431
3988,version,2438
3989,measurement,2443
3990,play,2445
3991,combination,2450
3992,note,2453
3993,scent,2455
3994,sewing,2460
3995,weight,2469
3996,tutorial,2500
3997,weave,2544
3998,attention,2557
3999,designer,2559
4000,tape,2579
4001,silk,2611
4002,cuff,2614
4003,example,2617
4004,blazer,2650
4005,process,2653
4006,method,2689
4007,square,2698
4008,code,2750
4009,problem,2753
4010,article,2766
4011,rule,2770
4012,person,2805
4013,space,2833
4014,tattoo,2833
4015,system,2860
4016,business,2894
4017,hairstyle,2896
4018,yarn,2916
4019,kind,2921
4020,scarf,2922
4021,money,2959
4022,head,3005
4023,oil,3020
4024,range,3029
4025,shop,3036
4026,eye,3037
4027,heel,3039
4028,texture,3070
4029,use,3091
4030,variety,3096
4031,video,3119
4032,appearance,3130
4033,embroidery,3131
4034,tool,3139
4035,back,3188
4036,fragrance,3219
4037,difference,3247
4038,hem,3251
4039,shoulder,3263
4040,cap,3283
4041,reason,3322
4042,occasion,3378
4043,company,3407
4044,cloth,3424
4045,wool,3429
4046,ring,3438
4047,front,3448
4048,colour,3466
4049,smartwatche,3496
4050,sneaker,3507
4051,trend,3519
4052,level,3545
4053,neck,3564
4054,leg,3569
4055,idea,3619
4056,neckline,3700
4057,effect,3713
4058,band,3747
4059,detail,3749
4060,name,3752
4061,shade,3757
4062,info,3772
4063,needle,3778
4064,waist,3809
4065,number,3884
4066,smartwatch,3977
4067,world,3998
4068,t-shirt,4001
4069,fit,4051
4070,sock,4060
4071,case,4065
4072,list,4073
4073,event,4115
4074,allowance,4127
4075,knot,4209
4076,cotton,4247
4077,water,4252
4078,area,4336
4079,quality,4345
4080,wardrobe,4366
4081,question,4425
4082,garment,4461
4083,fiber,4576
4084,mark,4604
4085,layer,4636
4086,sweater,4671
4087,belt,4752
4088,wear,4837
4089,cut,4883
4090,point,4933
4091,hand,5049
4092,coat,5125
4093,trouser,5134
4094,work,5148
4095,image,5220
4096,button,5244
4097,price,5317
4098,foot,5378
4099,strap,5385
4100,body,5427
4101,bit,5434
4102,post,5471
4103,end,5498
4104,skin,5498
4105,guy,5703
4106,hat,5752
4107,tip,5802
4108,seam,5805
4109,fashion,5832
4110,collar,5862
4111,sleeve,5903
4112,face,5923
4113,app,5994
4114,machine,6006
4115,feature,6009
4116,accessory,6010
4117,place,6010
4118,life,6068
4119,source,6141
4120,step,6192
4121,pocket,6218
4122,item,6279
4123,size,6486
4124,lot,6621
4125,product,6869
4126,leather,7038
4127,outfit,7054
4128,inch,7216
4129,wig,7310
4130,one,7594
4131,choice,7644
4132,length,7646
4133,tie,7685
4134,thread,7759
4135,brand,7998
4136,pair,8145
4137,bag,8345
4138,part,8472
4139,clothe,8502
4140,woman,8573
4141,clothing,8710
4142,short,8856
4143,shape,8962
4144,skirt,9304
4145,material,9379
4146,top,10197
4147,line,10347
4148,side,11224
4149,people,11230
4150,boot,11538
4151,jean,11929
4152,pant,12015
4153,option,12168
4154,edge,12645
4155,dress,12648
4156,thing,12917
4157,suit,14475
4158,watch,14507
4159,pattern,14757
4160,stitch,14806
4161,design,15325
4162,hair,15509
4163,piece,17859
4164,time,18528
4165,color,18622
4166,jacket,19176
4167,way,19492
4168,type,19631
4169,shirt,20080
4170,shoe,20326
4171,look,21537
4172,man,25178
4173,style,33454
4174,fabric,35921
